ID,y
1,78.9652557373
2,94.5292358398
3,78.1217956543
4,78.5427703857
5,109.935745239
8,93.5012435913
10,111.637321472
11,94.2207260132
12,115.604629517
14,92.6424407959
15,115.311790466
16,107.680664062
17,95.8307876587
19,95.3273773193
20,107.920783997
21,94.3778533936
22,116.284584045
23,95.8345870972
26,99.8247146606
28,97.7432327271
29,95.8345870972
33,95.8345870972
35,96.2981567383
41,95.8264083862
42,95.3585510254
43,116.855064392
45,101.294136047
46,101.346336365
51,93.7855758667
53,85.3782119751
55,113.850593567
56,95.3035354614
57,104.737442017
58,95.1050643921
59,103.838539124
63,111.178924561
64,97.0007858276
65,106.370643616
69,93.8809432983
71,98.0928726196
72,105.455627441
73,94.2806015015
76,103.650779724
77,109.325630188
78,112.461997986
82,94.0551986694
83,106.370643616
84,94.9003067017
85,99.1857376099
87,109.846870422
88,95.8264083862
89,114.181060791
91,97.257019043
93,95.4753341675
94,108.738601685
95,92.7779769897
96,114.192863464
97,94.8189086914
98,110.770301819
99,96.4799804688
101,103.162200928
103,114.181060791
104,92.2721481323
105,110.913894653
110,101.400474548
111,107.267051697
113,112.352165222
114,93.6940841675
115,107.714424133
117,114.181060791
120,92.9180374146
121,112.311546326
122,95.8441162109
123,114.183021545
126,111.730003357
132,110.038093567
135,109.303688049
137,107.435890198
138,96.6108779907
140,94.9588394165
142,109.325202942
144,115.224525452
148,91.3090591431
149,113.987068176
155,91.1826858521
156,112.334815979
157,94.8189086914
162,112.516784668
163,94.9504928589
167,94.6531143188
172,116.855064392
179,110.877037048
180,97.8864059448
181,112.51915741
182,97.741317749
183,114.181060791
185,114.181060791
187,113.119491577
188,94.2337646484
189,94.4917449951
191,91.4448394775
192,119.300071716
193,96.2145767212
194,113.218772888
195,89.6005020142
196,114.948013306
198,97.9266281128
199,113.173629761
201,109.103424072
204,96.6396255493
205,107.701568604
206,93.3401260376
210,92.3677215576
211,103.162200928
216,112.334068298
219,115.572341919
220,93.8665542603
221,110.442108154
226,112.51915741
227,91.596534729
228,112.678665161
230,110.945587158
231,94.8189086914
235,116.374290466
236,95.5037155151
238,111.845199585
242,108.180381775
243,97.6719894409
244,79.3405227661
245,108.88066864
247,111.216781616
248,92.7834243774
249,96.1558761597
250,107.591781616
251,95.5037155151
253,116.374290466
254,91.8790664673
256,97.6498718262
257,93.972984314
258,116.114273071
259,96.6081771851
262,76.0776824951
266,88.1899185181
267,111.374931335
272,100.069168091
273,114.181060791
275,96.9558563232
276,119.433052063
279,95.5560531616
280,106.370643616
283,93.0854263306
285,112.778945923
288,114.181060791
289,97.2120132446
290,108.868003845
291,93.9043197632
292,111.423576355
293,110.722671509
296,98.8322219849
297,112.678138733
298,112.49016571
299,94.0785598755
304,91.2148666382
305,72.3248214722
306,95.4126281738
307,112.502403259
311,121.748123169
313,112.615974426
314,92.4703903198
316,90.2892227173
324,91.6125869751
327,96.6855392456
329,92.9362258911
330,113.160018921
337,106.920906067
338,96.6512527466
339,109.049354553
340,96.3704833984
343,93.902671814
345,115.287918091
346,94.2834777832
347,111.990608215
349,114.249031067
350,93.3890457153
352,111.8826828
353,92.5296401978
354,78.8172683716
357,96.6083221436
358,109.307792664
362,114.387535095
364,119.729530334
365,105.827957153
366,100.123245239
367,114.121299744
368,98.5860061646
370,78.6198959351
373,95.6398773193
377,91.1855545044
378,109.80721283
382,103.694229126
384,112.692726135
390,92.8334732056
392,109.099952698
393,110.790382385
395,98.928855896
396,109.864463806
399,75.5006942749
406,112.615974426
408,112.615974426
409,97.3561477661
410,77.8521347046
412,112.674385071
413,92.8745193481
419,92.3208007812
420,113.291923523
421,92.5116958618
430,98.3437957764
434,92.3701782227
436,94.3845901489
437,95.2406692505
438,93.4081954956
439,111.874534607
440,97.9195327759
443,112.117240906
446,95.9133682251
448,95.1437759399
452,98.2267150879
453,105.337547302
457,108.430931091
458,95.8601913452
459,114.145545959
460,102.55745697
462,106.420982361
464,103.492912292
465,115.588386536
467,120.303871155
471,113.557342529
472,77.3761138916
473,97.7945022583
475,98.4730224609
480,96.7175674438
488,110.486778259
490,112.502403259
491,102.479705811
492,78.4422531128
493,96.0995559692
497,91.9488296509
498,111.951507568
499,98.0771713257
500,102.120582581
501,95.7827377319
502,111.133880615
506,81.9304504395
510,108.04384613
511,89.226600647
512,93.507522583
516,93.5577087402
518,93.4266891479
519,111.051795959
521,92.1997451782
522,105.532188416
526,109.734420776
529,95.371055603
532,110.453987122
533,97.6923294067
536,113.479385376
537,98.2136230469
539,95.9324569702
540,103.426589966
541,99.3001861572
543,94.4421768188
546,115.027885437
547,95.3408432007
548,79.941368103
551,96.0577163696
552,102.556602478
556,108.127616882
557,97.2255935669
558,114.121299744
559,96.5329360962
560,109.353546143
562,107.795761108
566,98.7343521118
570,111.951507568
571,95.2406692505
572,106.390312195
573,94.1516723633
575,115.588386536
576,112.912528992
577,93.5598220825
579,93.9929275513
580,110.594245911
581,110.028419495
589,112.502403259
591,101.919128418
593,94.7199020386
594,104.358482361
595,93.8092727661
598,96.2480545044
602,111.755905151
604,116.109779358
606,110.257858276
608,98.9872055054
609,103.21295929
610,93.7312011719
616,111.406036377
617,96.8581771851
618,105.426361084
620,105.90851593
622,112.479850769
623,93.4110107422
624,114.483856201
626,108.99962616
628,110.357971191
629,96.9671554565
630,110.963600159
637,97.7113418579
638,106.092063904
643,100.590110779
645,96.7175674438
646,121.841697693
648,96.9206314087
652,99.3358612061
653,95.3505935669
654,111.951507568
656,114.706214905
657,94.6164245605
659,95.9854125977
660,104.853210449
663,92.5791168213
664,113.277069092
666,102.376686096
668,110.805366516
669,93.7446365356
671,98.6467590332
675,94.8371963501
677,96.1181869507
678,109.422271729
679,105.627952576
682,97.1228866577
685,104.838432312
687,97.0082626343
688,91.8795089722
693,111.912528992
696,96.372428894
698,96.3711929321
701,101.274047852
704,108.254203796
705,115.764839172
709,114.91002655
710,97.5806884766
711,106.706550598
712,97.4381103516
714,108.524528503
715,97.5935134888
716,112.75818634
717,93.2203445435
720,115.351409912
721,91.6382522583
724,105.476799011
725,96.6918716431
726,116.636634827
728,115.97088623
731,92.7558670044
734,106.844238281
738,94.3362045288
745,109.48764801
746,92.4053726196
751,78.6271743774
754,96.7459869385
756,94.9588851929
758,95.5994796753
759,104.233406067
761,116.671302795
766,98.4744796753
767,112.537780762
768,93.5174942017
769,113.453300476
770,98.594367981
771,78.5732727051
772,105.194213867
773,96.0571899414
774,112.924507141
776,112.761932373
777,95.9607925415
780,117.063529968
782,103.633468628
787,104.632400513
788,96.0471878052
792,92.8584594727
793,113.296730042
798,96.2437973022
800,95.3826141357
806,112.75818634
809,113.211029053
811,114.130973816
812,93.3203659058
814,115.654075623
816,103.067573547
817,97.1968002319
818,116.393157959
820,112.380973816
823,95.9050369263
829,94.4031982422
830,107.427085876
831,92.9037017822
834,110.898124695
839,96.4332351685
841,75.009727478
844,103.519981384
845,93.8231430054
848,91.3947982788
850,97.2282562256
851,103.009132385
852,93.3599014282
854,94.6155548096
855,98.3178024292
856,103.958847046
859,102.51700592
861,112.924507141
864,96.9598388672
865,112.883338928
866,93.7640762329
867,93.9747238159
869,99.372756958
871,92.440071106
872,112.75818634
882,102.994293213
883,92.428276062
885,94.607383728
888,96.8621063232
893,113.231987
901,109.568283081
903,102.679267883
904,94.1735153198
905,103.819770813
910,97.1778030396
911,107.602775574
914,113.27394104
918,113.219543457
921,92.9026565552
928,98.5976638794
929,103.522972107
932,96.7327194214
933,109.363197327
934,97.1778030396
935,112.787620544
937,76.4054641724
939,94.272819519
940,99.4042129517
941,96.4428253174
942,102.388626099
943,98.027961731
944,101.694313049
947,112.75818634
949,113.527038574
951,112.855293274
952,94.592124939
953,102.679267883
954,76.1184005737
957,113.268424988
959,93.8769378662
960,121.844406128
963,115.654075623
965,112.75818634
967,104.558036804
971,98.2438583374
972,77.6960372925
973,99.7938919067
974,112.482833862
975,97.999206543
978,122.943275452
980,116.798042297
981,96.2274703979
984,113.630867004
986,97.1778030396
988,93.5174942017
989,113.896614075
990,103.262443542
992,109.568283081
996,95.3714828491
999,116.51184082
1000,90.0636138916
1001,112.883338928
1002,93.7225112915
1003,112.761932373
1004,91.8628768921
1008,110.149551392
1009,98.3740921021
1010,109.875259399
1012,119.862297058
1013,89.901763916
1014,112.54158783
1015,93.513671875
1016,115.542076111
1019,95.3823013306
1020,112.666282654
1021,97.1778030396
1022,107.573959351
1024,97.1778030396
1025,76.6309585571
1027,99.1742782593
1028,102.474357605
1029,94.4379577637
1030,95.1210861206
1033,113.339019775
1036,91.2892837524
1037,109.209083557
1038,91.5606613159
1042,94.272819519
1043,100.595680237
1044,94.4117965698
1045,112.219474792
1047,114.601882935
1050,94.5160980225
1051,113.157417297
1054,95.9431152344
1056,96.2274703979
1057,92.5214920044
1059,93.8633346558
1062,98.1579208374
1063,106.177604675
1064,96.2274703979
1066,95.3379135132
1070,104.70791626
1076,111.680885315
1077,98.7234573364
1078,112.474098206
1080,113.986465454
1082,116.837013245
1083,97.0917892456
1089,104.882583618
1091,96.9364547729
1093,94.3860626221
1097,97.4311523438
1099,92.9591140747
1101,97.2052307129
1103,95.3461227417
1104,110.49924469
1106,111.495353699
1109,95.571937561
1110,113.430656433
1111,94.7980728149
1112,110.765197754
1114,93.7365493774
1116,94.7020645142
1117,109.173347473
1120,94.6191635132
1124,113.160545349
1125,95.6936950684
1126,109.862159729
1134,112.333992004
1137,96.1766967773
1138,110.949676514
1144,112.573173523
1145,93.9884262085
1146,92.679069519
1148,98.2809448242
1150,94.1400375366
1152,103.580551147
1153,97.6161727905
1154,106.018226624
1155,94.4965133667
1157,93.2070083618
1162,94.3547210693
1165,113.580932617
1166,95.0141067505
1167,107.069480896
1168,96.8812255859
1169,102.52191925
1171,116.193382263
1172,96.8537216187
1173,102.52191925
1174,98.2569046021
1176,99.2046432495
1177,103.186408997
1178,96.7992324829
1182,111.14881134
1186,96.9359664917
1187,114.40549469
1188,96.192565918
1189,117.108848572
1191,111.306350708
1192,94.0224075317
1197,112.733963013
1198,90.5878982544
1200,76.9185714722
1201,98.8299179077
1203,99.1492919922
1209,115.670555115
1214,100.12701416
1218,114.448654175
1222,94.6153182983
1226,100.62840271
1228,98.5672225952
1230,91.2345657349
1232,77.3340072632
1233,95.7099838257
1236,114.424484253
1238,97.329574585
1241,112.573173523
1244,108.990974426
1246,94.8001937866
1247,116.091133118
1250,114.997276306
1251,93.6453170776
1254,112.807868958
1255,97.0020217896
1256,110.699813843
1257,88.5609283447
1258,88.7864532471
1259,112.656448364
1260,96.267539978
1263,112.740058899
1267,77.39868927
1268,111.358680725
1271,94.0720672607
1272,113.299812317
1274,106.336997986
1275,94.3547210693
1276,113.22693634
1277,92.0140228271
1279,92.679069519
1281,95.000541687
1282,96.192565918
1283,114.500740051
1285,111.289070129
1286,95.0346450806
1289,110.287963867
1296,119.184387207
1299,94.2919845581
1301,95.4349594116
1306,94.3103103638
1307,97.5964431763
1308,90.8352584839
1313,113.22693634
1314,95.7172470093
1315,113.430656433
1316,91.1930007935
1317,113.337654114
1319,92.21900177
1323,97.2981643677
1324,106.830688477
1325,96.865852356
1328,111.880683899
1329,95.7306213379
1330,113.001869202
1331,93.9641799927
1332,103.55254364
1337,93.2614212036
1338,115.664123535
1339,92.3010559082
1340,117.307441711
1343,114.392120361
1347,101.279747009
1348,96.0102996826
1349,105.282569885
1352,92.9003982544
1354,98.3756790161
1359,111.366737366
1360,97.8284378052
1363,113.627059937
1364,96.7089004517
1365,107.456504822
1366,98.8285293579
1372,95.3845825195
1375,106.28024292
1376,92.3722686768
1378,89.5608901978
1379,114.623008728
1380,97.4103317261
1381,102.555793762
1384,114.463439941
1387,94.4960403442
1388,110.92490387
1392,75.1349105835
1394,105.288970947
1395,95.4991226196
1396,113.219520569
1398,97.5516738892
1399,113.219520569
1400,91.2556610107
1401,93.4308013916
1403,95.7773284912
1404,116.625900269
1406,113.219520569
1407,93.5779190063
1408,113.039482117
1410,77.7646179199
1412,113.123054504
1413,96.5211334229
1415,96.7310256958
1420,113.039482117
1422,114.655593872
1423,109.044822693
1424,113.039482117
1425,96.6923904419
1426,77.7646179199
1427,99.3490829468
1429,90.1620864868
1430,110.495887756
1431,98.818145752
1432,100.567939758
1434,109.493049622
1437,95.9650497437
1438,107.193840027
1440,111.285972595
1441,112.530181885
1442,97.0229263306
1444,112.602333069
1445,96.211265564
1446,103.418952942
1448,92.3206253052
1453,93.739402771
1454,113.123054504
1455,94.3651199341
1456,116.253623962
1458,113.123054504
1459,91.7615203857
1461,93.9358596802
1465,94.4960403442
1466,109.472892761
1469,97.5366744995
1472,93.739402771
1474,94.77759552
1477,114.093978882
1479,110.204910278
1482,86.588722229
1483,77.4533538818
1487,99.213470459
1488,112.619194031
1490,111.133483887
1492,111.764068604
1494,117.213142395
1496,108.105377197
1497,97.7630004883
1499,96.9466629028
1502,96.9092254639
1507,115.08240509
1508,92.9003982544
1509,109.969467163
1511,92.7682266235
1512,114.524665833
1513,111.751449585
1514,107.468330383
1518,111.822044373
1519,93.0151138306
1522,110.810333252
1524,77.1944046021
1527,97.0229263306
1529,93.9261856079
1532,104.160728455
1536,112.211174011
1537,115.790863037
1539,105.719688416
1542,114.246582031
1543,92.3722686768
1544,107.380851746
1545,73.7183303833
1550,92.3506546021
1551,105.063552856
1554,108.085350037
1556,103.825569153
1559,88.6298141479
1560,76.9856033325
1562,98.8176956177
1566,93.5828399658
1567,110.920272827
1569,104.523857117
1570,110.586906433
1571,111.844429016
1574,92.9003982544
1578,103.945259094
1580,94.9755172729
1583,115.394180298
1584,92.9003982544
1585,114.823410034
1586,94.6199569702
1587,112.846366882
1588,93.584236145
1590,111.98274231
1592,102.98273468
1596,115.939208984
1598,107.584770203
1599,93.6382827759
1604,114.539505005
1606,101.354057312
1607,96.5211334229
1608,104.406051636
1609,116.14176178
1611,102.851387024
1613,96.203125
1616,101.486129761
1619,114.527160645
1620,96.9745178223
1621,111.845283508
1622,95.1474533081
1625,109.655258179
1627,116.14176178
1629,115.13117218
1634,97.732093811
1636,95.7792739868
1638,103.217880249
1639,97.0567245483
1641,99.0898513794
1643,94.0247421265
1644,105.49319458
1645,117.286338806
1646,92.1647415161
1647,108.420143127
1648,98.1034317017
1652,94.9755172729
1653,111.865722656
1656,97.5751419067
1658,93.6382827759
1659,113.941711426
1661,92.4542617798
1663,96.5211334229
1664,113.082244873
1665,94.4632034302
1666,103.825569153
1667,105.541160583
1668,80.401222229
1669,102.749771118
1670,95.5921554565
1672,114.895149231
1674,112.645874023
1677,112.619194031
1678,95.2444763184
1679,111.62802887
1680,92.1402511597
1683,103.93787384
1686,104.255180359
1687,114.718902588
1689,114.807495117
1690,94.1645126343
1691,115.549629211
1692,111.447914124
1693,92.9003982544
1695,94.3752670288
1696,93.739402771
1697,113.825233459
1700,103.825569153
1701,98.222984314
1702,113.912086487
1703,93.0543289185
1704,116.185462952
1706,99.242729187
1707,113.711708069
1708,96.8249893188
1710,97.4200744629
1711,102.128044128
1713,109.448684692
1717,100.788017273
1719,103.945259094
1720,91.8137588501
1722,95.1168441772
1725,103.498268127
1726,97.0209732056
1727,106.668052673
1729,112.294334412
1730,94.2338790894
1731,112.622016907
1733,103.825569153
1734,95.2323532104
1735,114.655593872
1738,96.203125
1742,93.5150680542
1745,112.645874023
1747,98.0932617188
1749,99.3572311401
1751,97.3864822388
1752,78.1480178833
1753,101.914558411
1754,94.7740631104
1755,98.9499893188
1756,106.726921082
1758,116.251953125
1759,94.2795181274
1760,109.412582397
1761,112.573829651
1762,91.7806777954
1763,113.029579163
1764,94.4359436035
1766,95.9852523804
1768,99.1173629761
1769,77.6203384399
1771,112.774055481
1772,97.8014678955
1773,101.098609924
1774,95.4735717773
1775,114.130012512
1777,112.672538757
1779,94.2795181274
1780,106.739326477
1787,93.0146942139
1788,95.6243209839
1790,97.3285751343
1796,110.930717468
1801,91.4551849365
1803,96.5573196411
1807,112.25667572
1809,117.427307129
1812,94.5418395996
1813,115.428756714
1814,93.6912765503
1815,118.473449707
1816,95.5609054565
1818,90.8340759277
1820,92.374382019
1821,114.527160645
1822,95.7587356567
1825,93.9106063843
1826,101.941520691
1828,97.4529800415
1831,102.871047974
1836,115.246734619
1837,96.419921875
1841,94.7512435913
1844,103.005882263
1848,94.1391830444
1851,105.657524109
1852,97.5144729614
1853,94.8910140991
1854,113.869194031
1856,94.2302703857
1859,117.381752014
1860,97.2332000732
1861,76.1950912476
1863,102.63079834
1865,96.7217788696
1866,106.169418335
1867,94.418586731
1868,92.3663711548
1872,97.2561340332
1879,93.1980056763
1880,99.3338546753
1882,96.8689346313
1885,103.915962219
1887,100.411834717
1888,96.3748703003
1890,117.041557312
1894,96.173789978
1895,100.271537781
1896,100.687278748
1897,112.593086243
1900,110.222610474
1901,88.6127624512
1902,113.048683167
1905,92.5807113647
1906,109.012931824
1912,102.926597595
1915,97.7453384399
1916,104.165924072
1917,95.2229385376
1918,101.987159729
1920,79.2318191528
1923,93.5732192993
1924,104.589820862
1925,97.7991256714
1930,116.143409729
1932,113.145172119
1933,91.4910202026
1934,112.669250488
1935,88.3375320435
1940,77.6699066162
1941,95.681022644
1942,110.841789246
1943,88.661277771
1944,90.7318496704
1945,108.94355011
1948,115.748725891
1949,92.4732284546
1952,92.1148147583
1954,92.8407058716
1955,112.962211609
1958,92.7440719604
1959,78.2464904785
1960,113.029579163
1963,96.3978652954
1965,98.0699386597
1968,105.250358582
1969,96.6410522461
1971,95.1323623657
1972,111.0987854
1973,93.2512893677
1975,92.6700744629
1977,96.3864593506
1978,96.3469619751
1979,112.521652222
1981,93.3128128052
1982,111.457489014
1987,109.651344299
1988,93.5268478394
1993,96.9380111694
1997,94.0462265015
1999,97.3134307861
2001,96.1171798706
2002,112.804336548
2003,96.880531311
2004,74.1581192017
2006,111.776649475
2007,94.0952224731
2009,108.035423279
2010,95.3637771606
2013,98.1426544189
2018,78.4747314453
2022,109.836372375
2024,109.527183533
2025,96.7763519287
2026,108.462425232
2030,108.264259338
2031,95.166305542
2032,102.926597595
2033,96.8520736694
2035,91.4513626099
2036,109.194854736
2037,94.5903701782
2040,96.2438812256
2043,112.831504822
2044,109.97706604
2046,109.553581238
2054,111.199607849
2055,96.9006118774
2056,106.739326477
2059,91.3039169312
2060,88.6127624512
2062,91.56590271
2063,111.283889771
2066,96.173789978
2067,114.493492126
2072,96.5083084106
2073,112.266029358
2074,97.8862762451
2075,111.748512268
2076,90.4050674438
2080,92.6363601685
2082,88.6127624512
2085,110.65460968
2087,114.631324768
2091,109.480476379
2092,99.1952514648
2093,106.739326477
2098,98.8247070312
2101,113.029579163
2102,90.9451675415
2103,77.6699066162
2105,106.271530151
2106,94.6594009399
2107,115.842758179
2110,98.7196807861
2114,94.4738540649
2115,111.130722046
2117,80.8051681519
2118,95.5754776001
2119,100.094978333
2120,97.5586013794
2122,94.3259353638
2123,109.789451599
2126,95.4591903687
2127,103.43396759
2128,94.3458938599
2129,113.256034851
2132,101.314399719
2135,103.215248108
2138,97.1628265381
2139,116.143409729
2141,107.278205872
2142,97.2762985229
2146,95.5278015137
2151,112.954017639
2157,108.187339783
2159,116.073188782
2162,95.1902923584
2164,116.005027771
2167,92.3843460083
2168,110.444007874
2171,91.1124649048
2173,95.7323684692
2174,108.143867493
2175,95.8871231079
2178,94.8435287476
2180,96.5470046997
2185,108.984870911
2189,92.4057235718
2190,114.773674011
2192,103.392951965
2194,114.321159363
2200,113.735939026
2201,95.7993392944
2203,111.431663513
2204,97.4216766357
2205,111.262916565
2209,114.738746643
2213,108.493408203
2214,97.1729660034
2215,113.452079773
2216,95.7238540649
2218,94.9488372803
2219,101.318862915
2220,98.0899581909
2222,86.4572219849
2223,113.646202087
2225,114.846580505
2226,96.2122421265
2230,94.0087203979
2233,114.012992859
2234,109.946022034
2235,97.4216766357
2236,78.5759658813
2237,96.7740020752
2240,114.237632751
2241,93.3073348999
2248,108.005645752
2249,92.9762573242
2250,113.955818176
2252,109.878593445
2253,97.4613723755
2254,109.847862244
2256,80.6244277954
2258,84.9159927368
2259,113.287742615
2262,96.6288909912
2265,96.4862747192
2266,107.764579773
2269,96.6943664551
2271,99.5058364868
2273,94.9125289917
2274,108.864242554
2275,95.6155014038
2277,97.4974212646
2279,97.4216766357
2280,79.6078109741
2282,96.5470046997
2283,105.141548157
2288,94.458694458
2289,112.607696533
2291,98.2618026733
2292,116.464813232
2297,97.2669372559
2298,102.21736908
2299,95.1457290649
2300,112.15877533
2301,95.7410049438
2304,97.2089920044
2305,105.555885315
2306,96.6288909912
2308,90.5792922974
2309,114.955619812
2311,98.3313369751
2312,105.083183289
2316,100.904670715
2321,102.194442749
2322,115.179069519
2325,104.925880432
2326,93.4515304565
2329,116.464813232
2330,97.5493927002
2331,106.431121826
2332,114.321861267
2333,96.6288909912
2334,103.782432556
2335,111.284355164
2337,112.562385559
2338,90.1260299683
2340,114.321861267
2342,98.8128890991
2345,95.6839828491
2349,97.5423355103
2351,79.5737380981
2352,98.1309585571
2354,112.858940125
2355,118.126800537
2357,114.846580505
2358,94.4937667847
2360,93.1710739136
2361,112.858940125
2364,97.2111434937
2366,99.8773727417
2369,111.056846619
2370,96.3723068237
2371,114.15927887
2373,119.645545959
2374,94.7444610596
2376,112.939994812
2378,113.231163025
2382,98.0921325684
2383,94.0815353394
2386,103.206413269
2387,98.1595535278
2389,95.7381210327
2390,112.255821228
2392,91.5489807129
2398,114.321861267
2399,97.5569458008
2400,97.3314590454
2401,111.067558289
2402,96.4639892578
2404,91.464012146
2407,119.820671082
2408,111.792106628
2409,115.236671448
2412,78.9808273315
2413,96.3252487183
2415,99.6589813232
2420,114.23714447
2422,92.9295730591
2423,103.67881012
2426,98.8457336426
2432,97.5307922363
2434,94.8971252441
2435,95.6357192993
2436,112.692619324
2438,109.473045349
2440,111.73941803
2443,93.056678772
2444,93.1094589233
2447,108.005645752
2450,97.3908691406
2454,93.5850448608
2455,111.496414185
2459,96.6288909912
2460,113.266174316
2463,91.1445541382
2465,93.9102401733
2468,78.1714401245
2469,97.1428604126
2474,92.10912323
2478,95.3095474243
2480,94.7774124146
2481,114.237632751
2489,96.5470046997
2490,108.630500793
2492,88.444770813
2496,96.6288909912
2497,118.063270569
2500,97.7361907959
2505,96.7144775391
2507,88.7832870483
2508,111.262916565
2509,97.3538284302
2510,77.5300674438
2513,93.2008285522
2515,96.5470046997
2518,94.0815353394
2519,112.569145203
2520,94.0815353394
2521,114.597717285
2523,113.017982483
2525,97.3661422729
2529,110.018676758
2530,96.8856506348
2533,116.0050354
2535,92.3808288574
2538,103.358970642
2544,110.845451355
2553,109.22052002
2556,97.6635284424
2558,93.6630706787
2559,115.838386536
2560,96.5375442505
2561,108.672401428
2562,92.0592727661
2563,106.967842102
2564,94.494972229
2565,113.961448669
2567,104.038963318
2572,94.4721908569
2575,97.8788909912
2576,115.269874573
2577,88.7789993286
2578,90.8390045166
2579,106.63634491
2580,88.6521148682
2582,107.853248596
2583,91.4085769653
2587,94.5582962036
2589,108.449653625
2590,96.9207839966
2591,110.018676758
2594,89.5001296997
2597,98.661819458
2598,103.697296143
2599,97.1501083374
2600,105.961647034
2602,106.912109375
2603,94.4721908569
2604,104.375717163
2606,115.259368896
2607,78.4433517456
2608,96.9307632446
2613,111.25440979
2614,97.3492584229
2615,112.642921448
2617,114.289573669
2620,94.5278396606
2623,118.288337708
2624,93.0074157715
2627,111.25440979
2629,78.4433517456
2630,94.6685028076
2632,97.0134658813
2636,95.9824981689
2639,94.0605010986
2640,105.898750305
2642,110.018676758
2644,103.482124329
2646,113.22882843
2647,96.4721450806
2649,97.5970993042
2650,112.208091736
2652,104.026885986
2653,102.107917786
2655,118.029335022
2657,114.26309967
2659,113.451255798
2662,93.823677063
2663,114.256828308
2664,94.5877304077
2665,103.917823792
2670,98.2496337891
2671,103.484962463
2672,97.7857131958
2675,104.026885986
2677,112.986869812
2679,114.44896698
2683,112.058380127
2684,95.9367599487
2685,97.1809844971
2688,104.554588318
2689,97.4426040649
2690,104.691734314
2693,95.6399307251
2694,116.514167786
2697,102.807044983
2699,97.803565979
2703,89.1762161255
2705,100.354293823
2709,77.1439437866
2710,95.5131988525
2711,114.574653625
2712,90.3480911255
2713,96.9481582642
2714,115.166183472
2715,92.5288162231
2717,93.5399475098
2718,110.384239197
2720,109.618873596
2721,98.713142395
2726,98.390663147
2728,97.344909668
2731,103.883644104
2732,113.112335205
2734,95.7454605103
2736,102.888496399
2737,97.9049835205
2738,103.414978027
2739,115.893363953
2746,95.9453964233
2749,103.618934631
2751,117.424346924
2752,106.07484436
2753,95.7265396118
2757,108.326805115
2758,100.075759888
2759,111.270393372
2760,97.3936538696
2762,112.321365356
2764,96.294631958
2765,107.093544006
2769,114.187767029
2771,114.663581848
2774,94.9920425415
2776,92.4431152344
2777,117.464485168
2778,88.6974258423
2779,113.141914368
2782,88.6338806152
2784,93.8825149536
2787,90.3834457397
2789,99.9641571045
2792,94.8563232422
2798,98.2855453491
2799,109.352500916
2800,96.2771835327
2801,81.7094573975
2802,86.5651245117
2804,96.426109314
2807,107.633308411
2808,95.0886383057
2809,123.75302887
2811,112.254470825
2812,98.8867416382
2814,94.3172225952
2816,97.6650314331
2817,114.396629333
2818,112.530258179
2820,113.902076721
2821,77.118927002
2822,100.248268127
2823,101.074043274
2824,97.5183486938
2826,94.6119384766
2829,89.2042770386
2834,96.5182266235
2835,76.1365585327
2838,94.7582626343
2839,114.822105408
2840,89.4370117188
2841,114.882644653
2842,96.5369644165
2846,114.65322113
2848,96.6934738159
2849,91.0889816284
2850,115.166183472
2851,94.9968032837
2853,93.1322402954
2854,110.018676758
2858,119.4427948
2861,93.4501419067
2864,88.4135742188
2865,114.256828308
2866,110.369232178
2867,93.4109573364
2868,113.742652893
2870,111.497337341
2877,97.385887146
2878,111.25440979
2880,112.687812805
2882,79.4602279663
2883,100.764526367
2884,101.667907715
2885,99.4439086914
2887,96.4609451294
2888,112.651023865
2889,97.4315567017
2890,103.092315674
2891,98.5787887573
2892,115.848503113
2893,95.220993042
2898,117.381668091
2899,94.4727249146
2900,112.930747986
2901,100.991630554
2909,97.3902893066
2910,109.912315369
2911,109.853050232
2913,114.245582581
2914,98.7261581421
2918,88.3117218018
2919,109.843742371
2920,94.6467056274
2921,111.25440979
2922,94.3734741211
2923,102.936408997
2925,117.862876892
2926,92.5131607056
2927,110.110824585
2929,111.863746643
2933,95.761505127
2934,112.818138123
2936,111.612976074
2941,100.53805542
2942,95.2295150757
2943,108.713539124
2945,107.451408386
2950,92.7645339966
2951,111.715385437
2953,121.067970276
2954,97.1533889771
2955,105.547767639
2956,98.9702377319
2960,99.5453414917
2962,92.7019195557
2963,113.64641571
2964,103.629646301
2966,79.3759231567
2967,96.2098007202
2968,115.290916443
2969,92.8317947388
2971,91.364906311
2972,97.1219406128
2974,92.8611221313
2975,115.172027588
2977,117.303474426
2980,110.961273193
2981,96.5667648315
2983,96.1961288452
2984,106.076774597
2985,116.476730347
2986,104.753067017
2987,97.1219406128
2989,91.5569152832
2990,113.36050415
2991,96.1318817139
2992,77.9156036377
2995,102.756721497
2996,103.922409058
3002,105.398002625
3004,112.018951416
3005,116.535720825
3006,98.9809646606
3010,99.2933197021
3011,104.773895264
3014,92.4934463501
3015,91.6870803833
3016,96.0783996582
3017,112.344062805
3018,94.1392593384
3021,102.349868774
3024,103.629737854
3028,96.0105438232
3030,88.6677703857
3032,97.5022659302
3039,100.951133728
3040,107.572067261
3041,98.4323654175
3043,91.9187088013
3044,110.016700745
3046,112.222007751
3055,90.7458724976
3056,114.126350403
3058,94.6848831177
3059,110.396636963
3061,115.879623413
3063,101.7032547
3066,93.7492599487
3067,103.629737854
3068,78.8277816772
3069,98.6329269409
3072,111.888755798
3073,113.584136963
3074,95.8481826782
3077,94.2353820801
3082,99.6981582642
3084,102.756721497
3085,116.677032471
3088,103.413375854
3091,92.9914016724
3092,108.313896179
3093,96.88621521
3094,103.814888
3096,112.847679138
3097,94.3333511353
3098,79.5591659546
3102,112.148620605
3106,94.6110687256
3109,90.2709732056
3111,90.0457382202
3112,116.535720825
3113,98.7301330566
3115,96.8244400024
3116,111.315963745
3117,97.816192627
3121,114.33757782
3122,91.9693756104
3123,97.5929489136
3124,109.846839905
3125,96.0783996582
3126,104.29839325
3127,115.635795593
3129,96.1762619019
3130,114.21749115
3132,111.060173035
3134,105.442855835
3135,95.545211792
3137,78.7747879028
3138,95.602104187
3140,81.134513855
3144,115.320983887
3145,94.8055801392
3146,112.567611694
3147,97.865562439
3148,104.295005798
3149,103.204048157
3150,111.445991516
3151,88.6160354614
3152,92.4934310913
3155,99.1083297729
3156,115.077270508
3159,92.2884140015
3161,95.0128631592
3162,106.694404602
3163,99.0014877319
3165,101.656478882
3172,94.1442642212
3173,108.827308655
3176,96.9342498779
3177,99.9339828491
3179,115.172027588
3183,93.1795578003
3186,97.0551605225
3187,107.93170166
3189,111.455169678
3190,94.7201690674
3192,115.635795593
3193,94.1442642212
3194,114.128005981
3197,94.5958480835
3198,96.6638793945
3200,95.6500473022
3201,114.59185791
3202,96.6638793945
3204,96.5192947388
3205,93.1503982544
3206,119.398918152
3208,101.758888245
3210,103.907936096
3211,91.1122283936
3212,115.879623413
3213,97.1627883911
3214,112.007659912
3216,103.025085449
3219,95.7441635132
3220,111.432350159
3221,98.7301330566
3226,111.534294128
3227,98.425453186
3228,112.157058716
3229,92.7104949951
3232,77.9626083374
3233,95.6540298462
3234,95.6762008667
3236,94.7530593872
3238,109.630622864
3239,114.64768219
3240,85.6397171021
3247,109.702537537
3249,100.410972595
3252,119.522621155
3253,96.6427841187
3254,106.3411026
3255,90.4402389526
3256,106.303619385
3257,96.0327835083
3262,97.4095535278
3263,103.957557678
3264,98.9702377319
3266,111.478210449
3267,95.5944290161
3269,100.071151733
3272,116.476730347
3274,94.5958480835
3275,107.610801697
3277,97.5529174805
3279,100.954925537
3280,103.59463501
3283,97.7186965942
3285,96.3749923706
3287,83.9591445923
3288,103.629737854
3290,106.485710144
3291,96.4541854858
3298,111.400794983
3299,98.581489563
3302,112.818000793
3303,94.5066223145
3304,105.347351074
3307,95.4722366333
3309,89.1487960815
3314,78.7930831909
3316,113.493751526
3317,97.2530212402
3319,95.1524276733
3320,111.985664368
3321,97.0235290527
3322,108.953903198
3324,94.3847732544
3326,86.6837005615
3329,111.669647217
3330,94.4382858276
3331,111.757339478
3335,115.802024841
3337,94.8889083862
3338,112.199180603
3339,96.6749649048
3340,112.241165161
3341,89.8475875854
3343,95.7273178101
3346,90.3889007568
3348,97.9151535034
3351,103.562179565
3352,116.30997467
3355,92.7476882935
3356,114.155204773
3358,104.690696716
3359,97.6671218872
3360,109.042915344
3371,115.584976196
3372,98.1153335571
3374,101.124687195
3377,109.179084778
3378,90.8822250366
3380,101.704406738
3382,95.9486618042
3386,96.966545105
3389,114.318199158
3391,105.11252594
3393,95.6817932129
3394,104.057807922
3395,95.834197998
3397,111.2498703
3398,96.9686660767
3399,77.5388412476
3400,97.657043457
3404,102.372383118
3407,108.459579468
3409,108.674034119
3419,97.5301132202
3421,87.203086853
3425,98.6084289551
3427,74.808303833
3428,116.485908508
3429,109.020011902
3431,88.6829376221
3435,94.1480026245
3436,115.378700256
3439,96.8943557739
3441,91.4827957153
3442,116.485908508
3443,97.3446350098
3444,104.133392334
3445,94.2933044434
3446,108.20993042
3449,88.6474380493
3453,94.5633163452
3457,96.3622970581
3460,103.169639587
3461,96.2998275757
3462,93.7998046875
3464,101.63193512
3465,78.7374267578
3466,95.8193740845
3467,102.06312561
3468,94.9762954712
3469,106.951583862
3470,107.172683716
3472,110.0103302
3473,92.8638916016
3475,92.2367248535
3476,111.240623474
3478,104.864028931
3479,96.2653656006
3483,95.1503601074
3484,100.896575928
3485,95.4194335938
3487,94.0262985229
3488,110.258430481
3496,112.259994507
3497,94.0159072876
3499,98.877784729
3500,78.174659729
3501,97.7341384888
3504,99.7831268311
3508,106.871986389
3511,91.1133956909
3512,113.002151489
3515,92.4149017334
3517,94.4406204224
3518,104.692970276
3526,114.904808044
3528,119.280693054
3529,88.8734359741
3530,110.025428772
3531,95.0630569458
3532,112.065940857
3533,97.8979797363
3534,99.0743408203
3535,78.3413772583
3536,95.5474624634
3537,108.785865784
3538,94.3567123413
3539,111.489860535
3540,108.068183899
3545,109.205749512
3546,93.5995864868
3550,105.983222961
3551,94.921333313
3553,95.7897796631
3554,103.169639587
3557,96.5193557739
3558,112.482521057
3559,88.6474380493
3561,95.7647628784
3562,111.2498703
3563,96.4025039673
3564,103.562179565
3565,94.2933044434
3567,90.3031616211
3571,103.562179565
3572,96.544883728
3574,95.0827178955
3576,96.7102584839
3577,108.921394348
3578,98.259979248
3579,96.4651565552
3583,96.1395950317
3585,95.5188064575
3586,103.658370972
3587,110.957756042
3593,95.6386108398
3594,111.833747864
3595,100.863342285
3599,97.3884506226
3600,105.038108826
3601,110.0103302
3602,88.6474380493
3604,101.289741516
3609,114.594139099
3610,113.301315308
3612,111.846229553
3614,115.920265198
3615,98.1725387573
3617,101.193778992
3618,109.460899353
3619,108.523155212
3620,110.137107849
3621,97.6713180542
3625,96.280708313
3626,102.888206482
3630,102.829551697
3631,93.8703994751
3632,110.451118469
3633,99.9245834351
3634,111.998771667
3637,97.5353469849
3639,95.9418716431
3640,115.067359924
3641,93.4647293091
3644,114.270820618
3645,96.3056030273
3646,93.7084960938
3647,92.6622238159
3648,110.892807007
3653,112.352302551
3654,96.5735397339
3655,113.665718079
3659,105.002510071
3660,95.1431274414
3662,113.422065735
3666,92.7587509155
3668,96.6778259277
3671,94.9207458496
3673,90.6931381226
3674,116.960929871
3675,95.6210784912
3681,88.4064788818
3682,113.488304138
3686,111.894088745
3687,87.1100387573
3692,74.6111221313
3695,113.215782166
3696,93.0811157227
3699,113.287322998
3705,109.994766235
3707,77.8624954224
3708,96.7808761597
3709,114.035423279
3710,97.004524231
3712,95.0510101318
3715,112.764556885
3716,95.682258606
3720,114.271720886
3722,77.8624954224
3726,98.3727416992
3728,92.1452789307
3729,115.157279968
3731,102.577270508
3735,113.151161194
3736,94.7703781128
3739,101.287406921
3741,109.580177307
3743,100.31337738
3744,97.2565231323
3745,114.523826599
3746,95.7366256714
3751,96.0515670776
3753,97.3095626831
3760,114.392478943
3761,93.7423324585
3762,111.447654724
3763,93.1641921997
3765,93.5485458374
3768,114.602325439
3769,98.0062179565
3770,109.742385864
3773,112.617233276
3774,98.6390762329
3776,96.7658920288
3778,91.7417907715
3779,112.687393188
3780,94.5859909058
3781,114.732948303
3782,92.4807662964
3783,110.237098694
3784,97.0468292236
3786,98.2220230103
3789,108.60295105
3790,97.0230178833
3793,111.91960907
3795,112.556549072
3797,96.4440994263
3798,116.537239075
3800,115.160270691
3804,98.4353408813
3810,103.082954407
3815,112.019752502
3816,98.4353408813
3818,103.489318848
3824,110.039306641
3828,103.867095947
3830,107.164039612
3831,99.1125106812
3832,78.0763473511
3834,112.717811584
3835,94.8355026245
3836,112.576499939
3838,96.0353240967
3839,115.713935852
3840,111.950927734
3845,93.380607605
3846,113.076179504
3847,94.2537460327
3849,77.307144165
3853,112.685348511
3855,106.680076599
3856,94.353767395
3864,77.1545639038
3865,98.468208313
3866,109.410667419
3867,90.3611984253
3868,115.160270691
3869,97.2626266479
3871,91.5986938477
3875,105.522544861
3876,94.7347183228
3878,98.1759414673
3879,111.433174133
3881,115.160270691
3883,109.271629333
3884,91.7387313843
3886,111.283622742
3890,97.2630157471
3893,92.339012146
3897,107.360443115
3901,94.1133880615
3902,112.936767578
3913,114.275184631
3914,95.0667724609
3916,94.6526260376
3917,110.60459137
3924,105.444664001
3925,95.7983932495
3928,99.9431762695
3929,108.430183411
3932,95.8369750977
3933,102.228378296
3934,74.7610855103
3935,88.3098754883
3936,93.6611404419
3937,112.448036194
3938,90.5835342407
3939,111.780227661
3943,92.2149734497
3944,110.309745789
3945,111.203887939
3946,94.8591842651
3947,113.719749451
3948,94.9173660278
3949,109.985343933
3950,95.7302246094
3951,114.345832825
3952,93.3117752075
3953,114.427848816
3961,114.524208069
3962,93.0096511841
3966,98.1000289917
3967,102.061851501
3968,97.8535995483
3969,112.754081726
3970,98.139213562
3971,107.775047302
3973,94.6334152222
3974,110.197517395
3975,110.181976318
3977,98.3716964722
3979,114.284790039
3985,96.9156112671
3986,102.359931946
3988,111.461463928
3991,97.244720459
3992,103.85987854
3993,93.4137573242
3994,95.3700180054
3995,111.50554657
4005,112.649375916
4007,95.4760818481
4008,101.987388611
4009,94.1137008667
4010,93.4023590088
4011,77.4372024536
4012,95.2885055542
4013,105.13911438
4015,114.452308655
4016,114.756759644
4018,114.199111938
4025,93.9279174805
4026,113.867996216
4028,114.064468384
4029,98.5288772583
4031,93.2512359619
4032,112.876350403
4033,93.860748291
4034,103.791130066
4037,93.1681213379
4038,101.951797485
4039,94.2111129761
4041,95.8671340942
4042,112.519920349
4043,95.5028762817
4044,102.228378296
4045,92.7780914307
4046,112.157966614
4047,99.6085586548
4048,106.862930298
4049,95.5798492432
4051,95.0265579224
4052,111.288497925
4058,102.466499329
4062,108.317710876
4064,112.160018921
4067,95.6330871582
4068,78.2873458862
4070,89.5090866089
4072,114.97644043
4074,110.242973328
4075,91.3320465088
4076,112.697189331
4077,95.9256057739
4078,113.752609253
4080,102.228378296
4082,111.242897034
4085,93.6760482788
4086,114.001533508
4088,113.867996216
4089,97.0964050293
4092,78.1301345825
4094,91.6772842407
4095,111.244117737
4096,92.7557983398
4097,101.475975037
4102,92.5383605957
4105,110.796699524
4107,108.996894836
4111,94.6115570068
4112,105.056900024
4113,96.4102325439
4114,117.255851746
4115,97.0504684448
4116,110.855033875
4117,93.1704406738
4118,96.6562728882
4119,112.210044861
4120,98.5509719849
4122,78.6977767944
4125,96.10912323
4126,112.193313599
4129,112.651161194
4134,113.479850769
4137,93.1521682739
4141,104.610054016
4142,99.4816741943
4144,95.3227767944
4145,105.444664001
4146,97.2115249634
4150,95.9526443481
4151,75.5051193237
4154,95.6330871582
4156,96.0891494751
4157,115.640396118
4159,114.756759644
4160,94.4617462158
4161,112.302879333
4168,96.8563232422
4171,104.037330627
4172,106.233383179
4173,98.4245681763
4175,93.657913208
4176,102.228378296
4177,95.3227767944
4178,100.731262207
4179,96.8592453003
4181,112.635185242
4183,98.5288772583
4184,112.976699829
4185,93.125541687
4186,109.345802307
4188,122.57207489
4190,111.763694763
4192,92.0530471802
4193,92.0660018921
4194,110.424217224
4195,95.5678634644
4196,77.8334655762
4202,98.7016220093
4203,108.579612732
4208,99.5156173706
4209,113.572898865
4210,90.0440750122
4211,111.423713684
4212,116.799034119
4214,104.604240417
4215,97.0662307739
4216,115.498184204
4217,92.9532241821
4219,98.0095596313
4222,112.448036194
4224,73.2506637573
4231,104.736358643
4232,98.5288772583
4234,89.7779312134
4236,95.3227767944
4237,102.837928772
4240,96.035774231
4242,106.792770386
4243,96.3856430054
4247,95.4978866577
4248,109.587379456
4249,83.5968704224
4254,102.61882782
4263,95.7260818481
4265,110.216758728
4267,111.037193298
4268,109.63306427
4271,113.704429626
4272,96.2139816284
4273,109.334190369
4274,96.5113067627
4276,93.2015914917
4278,95.9939498901
4280,98.6712875366
4281,111.918449402
4283,95.7209320068
4284,111.558105469
4285,97.6082000732
4286,112.68926239
4287,91.3978805542
4288,107.297676086
4289,86.5991439819
4290,81.6651611328
4293,91.4058914185
4296,109.303573608
4297,95.588722229
4299,91.0074234009
4303,109.842140198
4310,96.9195480347
4312,105.212882996
4318,102.872154236
4320,113.742828369
4322,91.4314193726
4323,114.422767639
4325,102.568946838
4326,113.653190613
4328,103.668190002
4330,103.87411499
4332,109.533996582
4333,96.3943481445
4335,92.6947631836
4336,109.481315613
4338,105.565742493
4341,93.6891403198
4342,109.167877197
4344,102.504714966
4347,101.336631775
4348,102.65813446
4351,111.281982422
4352,97.4716949463
4353,116.102874756
4355,103.998130798
4356,93.7143630981
4359,103.770927429
4360,95.692024231
4361,93.1426696777
4364,96.5038986206
4365,104.669960022
4368,95.2411422729
4372,97.0492324829
4374,91.3006820679
4376,97.9717483521
4377,101.402496338
4380,95.6006240845
4383,110.304847717
4384,95.962059021
4385,107.159080505
4389,88.0938186646
4391,97.0029678345
4392,111.106773376
4393,95.2213821411
4395,93.7392654419
4396,111.451148987
4398,117.125007629
4399,108.985816956
4401,95.0093231201
4406,98.1597671509
4408,104.004386902
4412,102.65813446
4415,94.964515686
4418,113.132347107
4419,91.3006820679
4420,78.2510604858
4422,110.267372131
4423,91.3006820679
4425,92.9791870117
4428,111.633514404
4431,108.963485718
4434,89.6028823853
4436,98.604927063
4437,109.685081482
4439,115.563156128
4440,93.9909744263
4441,112.678504944
4444,97.3617935181
4445,104.618789673
4446,98.2425079346
4447,115.541694641
4452,102.852638245
4456,111.821846008
4457,93.6940765381
4458,111.896888733
4460,93.7143630981
4461,115.434776306
4462,97.9292373657
4465,105.657676697
4466,106.343635559
4468,101.437812805
4469,106.354187012
4472,111.122398376
4475,93.1487503052
4478,95.5735702515
4479,109.883857727
4480,96.6033630371
4483,76.6437149048
4484,94.3021621704
4485,102.722297668
4486,98.1458053589
4488,96.6094741821
4489,107.010566711
4490,96.8005905151
4491,101.928695679
4492,96.921546936
4493,114.08000946
4494,93.4814910889
4495,103.751060486
4498,77.7725219727
4499,102.179595947
4500,101.723274231
4503,111.886390686
4505,105.756690979
4506,90.742515564
4507,95.068611145
4508,102.872154236
4510,113.48575592
4511,94.3566513062
4513,97.9889450073
4516,78.8730621338
4519,96.4368743896
4521,97.8782806396
4531,96.5597076416
4532,78.8678741455
4533,97.1042251587
4534,115.761512756
4536,102.872154236
4537,93.6940765381
4539,95.6633682251
4542,104.005828857
4545,91.9567947388
4549,95.8770675659
4551,96.0105438232
4554,103.682281494
4556,111.301567078
4559,110.804161072
4561,108.932380676
4562,109.407798767
4566,114.533058167
4569,95.9012985229
4570,111.451148987
4573,98.3074417114
4574,102.697990417
4575,94.8324813843
4577,95.345085144
4578,112.49874115
4580,114.04662323
4582,89.8080825806
4583,110.267372131
4585,94.4883117676
4587,102.872154236
4595,92.4621047974
4596,113.810295105
4601,95.6489181519
4602,113.451141357
4603,97.3126602173
4605,112.882698059
4606,95.6792831421
4607,113.037239075
4608,98.7513656616
4610,99.9763870239
4613,104.186042786
4617,88.5857009888
4618,112.294654846
4619,92.2303848267
4620,100.359352112
4622,96.3771820068
4625,93.7143630981
4626,102.872154236
4627,96.3487243652
4629,92.1444702148
4631,95.0155944824
4633,102.872154236
4634,121.050270081
4635,94.3973312378
4639,93.8192749023
4640,105.38105011
4642,101.660163879
4644,113.570213318
4646,102.872154236
4647,98.1644058228
4648,80.9495620728
4649,95.6547241211
4650,112.159057617
4655,95.8770675659
4660,95.5716934204
4661,116.744178772
4662,87.2951583862
4663,108.717308044
4665,96.9356307983
4666,110.789573669
4667,101.873908997
4668,97.2714309692
4670,94.6927719116
4671,115.173713684
4672,97.5408401489
4673,103.068870544
4675,101.566467285
4676,93.4049301147
4677,111.058944702
4680,98.2786941528
4682,97.1863937378
4683,113.379592896
4685,102.65813446
4686,97.3281936646
4688,110.590080261
4690,113.477401733
4692,114.958366394
4693,92.1734085083
4697,96.146156311
4700,112.621452332
4702,109.853141785
4707,115.50868988
4708,93.612121582
4710,68.8700332642
4716,98.8052368164
4717,99.6745986938
4718,93.0345077515
4720,98.7878646851
4721,74.7799530029
4723,97.1955032349
4726,112.301139832
4727,95.9210510254
4729,93.3335494995
4731,96.7133712769
4732,113.052841187
4735,94.9194564819
4736,104.144218445
4737,97.2776870728
4738,108.7241745
4739,112.175254822
4744,103.864494324
4747,93.9626998901
4749,115.994819641
4750,93.612121582
4752,110.398002625
4755,97.5398101807
4756,102.50605011
4757,113.315162659
4758,96.7941741943
4759,103.178886414
4763,99.6540756226
4764,104.012489319
4765,92.7958984375
4766,98.6727676392
4767,113.739845276
4769,110.622146606
4770,96.2139892578
4771,79.3511962891
4772,102.796455383
4774,110.504699707
4776,113.732307434
4777,109.188835144
4778,97.2377471924
4780,93.6800918579
4784,93.5850372314
4786,95.2407150269
4787,78.3223953247
4788,97.2070846558
4789,110.398002625
4791,105.996635437
4792,95.931678772
4795,109.840415955
4796,89.5541534424
4803,92.9195480347
4805,98.1265029907
4807,98.1490783691
4809,91.4032287598
4816,97.2875289917
4817,75.1414871216
4818,94.0462722778
4820,94.025390625
4821,101.142486572
4823,114.537986755
4824,97.2226638794
4825,109.351631165
4829,101.93296051
4830,98.8113937378
4831,116.138214111
4833,108.575065613
4836,95.7751922607
4837,110.590080261
4838,90.2602996826
4840,96.8744125366
4841,79.3716964722
4842,90.4672012329
4843,113.642158508
4844,88.6294784546
4849,114.335220337
4851,105.608177185
4852,95.9884719849
4858,96.6404418945
4860,98.8113937378
4863,109.134307861
4864,95.7722396851
4865,109.190460205
4867,113.178367615
4868,97.2381668091
4869,110.561500549
4873,90.6017379761
4875,97.0582733154
4876,112.491165161
4877,86.7202529907
4878,111.680435181
4880,78.2875366211
4886,111.865821838
4888,103.654457092
4889,97.4746932983
4890,114.346305847
4893,92.7890319824
4895,94.7241592407
4896,106.3072052
4899,89.4415359497
4901,93.8514022827
4902,107.954536438
4903,96.3160324097
4904,110.398002625
4910,93.2249755859
4912,91.2007675171
4915,99.8662643433
4916,105.170906067
4917,95.2784500122
4920,102.796455383
4927,101.879066467
4928,94.6654815674
4931,102.329978943
4934,91.4528884888
4936,93.9040374756
4939,109.665809631
4942,113.820625305
4943,98.4663009644
4944,102.258964539
4945,92.8830566406
4947,112.055778503
4948,88.8370819092
4951,98.2437210083
4952,110.398002625
4953,85.9119491577
4956,96.3160324097
4957,110.174728394
4958,92.8651733398
4960,94.9520339966
4968,94.8160858154
4969,106.440879822
4971,101.56905365
4973,111.702476501
4975,114.182472229
4976,95.8798522949
4978,90.8020401001
4979,111.855659485
4982,95.0767593384
4983,111.861122131
4984,91.6647720337
4985,115.466812134
4986,94.6031417847
4987,114.561515808
4988,97.3212051392
4994,93.0765991211
4995,98.146484375
5002,74.604347229
5004,94.2384414673
5005,101.549873352
5006,95.2602844238
5007,104.288734436
5009,111.581535339
5011,111.702476501
5014,96.3314208984
5015,106.345603943
5018,92.9620132446
5019,109.611602783
5020,89.4946136475
5021,110.866668701
5022,98.0500183105
5023,93.8842697144
5025,98.582572937
5032,95.8111724854
5034,92.0296554565
5036,89.8309402466
5038,95.1206893921
5039,111.363853455
5046,96.986869812
5049,109.611602783
5051,95.8789291382
5052,93.5297164917
5053,110.504699707
5054,98.6980514526
5055,96.8006591797
5057,93.6120071411
5059,90.4624710083
5062,102.275886536
5063,112.49306488
5065,109.843208313
5069,95.8166122437
5071,98.4786300659
5074,113.83971405
5075,93.0550003052
5076,109.072341919
5077,78.2915725708
5079,105.720359802
5080,99.2450332642
5081,111.78868866
5083,104.106590271
5088,105.921958923
5089,94.7316513062
5093,113.303718567
5094,101.114334106
5095,94.4409866333
5099,107.977256775
5101,110.585319519
5103,102.699012756
5104,90.2404403687
5105,111.392791748
5107,96.6737442017
5108,116.398048401
5109,91.8497543335
5111,92.841217041
5112,112.044639587
5113,91.7845077515
5114,110.131385803
5115,94.4927444458
5118,96.653137207
5122,98.6276779175
5123,75.7449264526
5125,94.9715652466
5127,105.787689209
5128,97.2857437134
5129,108.778015137
5132,95.2855453491
5134,113.889778137
5135,97.2309036255
5137,110.679946899
5142,95.6459350586
5143,104.231208801
5144,95.9345474243
5148,89.0562515259
5149,93.1599807739
5150,105.416801453
5154,78.066444397
5155,93.928352356
5159,94.9832077026
5164,95.5073165894
5165,112.410644531
5166,91.3334121704
5167,118.21118927
5169,92.396446228
5171,92.2089004517
5172,113.725982666
5176,96.6766281128
5184,114.655822754
5185,91.3088226318
5186,110.767158508
5188,105.36933136
5189,112.089744568
5190,93.1284179688
5191,112.410644531
5193,112.638977051
5196,94.7267837524
5199,74.6540298462
5200,104.231002808
5203,90.4593429565
5204,112.034660339
5205,90.3749160767
5207,93.5618362427
5208,105.586578369
5212,96.4340591431
5214,100.045585632
5218,92.2855224609
5220,90.6459884644
5222,94.5215148926
5224,99.9851150513
5225,102.812454224
5227,105.079727173
5229,104.702827454
5232,94.3922576904
5233,114.506668091
5234,97.08177948
5237,111.55015564
5239,116.198310852
5240,97.4182510376
5241,109.648200989
5244,91.3645629883
5248,113.322502136
5251,93.8929977417
5253,95.3210067749
5255,97.6121826172
5256,104.550727844
5257,96.6180877686
5259,98.5665893555
5260,110.393409729
5266,96.0173034668
5268,96.763053894
5275,111.754760742
5276,113.876556396
5277,95.2314682007
5279,94.2699050903
5280,105.052909851
5281,95.5795288086
5283,105.552085876
5284,76.8504714966
5285,98.092300415
5286,105.222412109
5287,94.618270874
5289,95.4415054321
5290,112.638977051
5292,105.16607666
5293,99.0132064819
5294,102.589012146
5297,93.5220870972
5299,104.859992981
5302,94.324508667
5305,74.0606994629
5306,95.7428665161
5308,92.4724197388
5309,96.5827713013
5310,110.769500732
5312,111.974937439
5316,113.59148407
5317,102.309326172
5319,76.9820251465
5320,98.5119094849
5323,94.8167724609
5329,115.68145752
5331,111.948402405
5334,111.231391907
5336,112.38079834
5338,104.712608337
5341,93.6095504761
5345,96.8792190552
5348,96.9827423096
5349,112.660163879
5355,108.22039032
5356,94.1809463501
5360,103.70476532
5362,113.009757996
5364,115.308105469
5366,108.40070343
5367,97.7125396729
5368,94.9808731079
5370,96.2787017822
5371,78.4923858643
5373,104.996955872
5375,111.55015564
5376,90.1304779053
5378,115.023262024
5379,96.6612167358
5383,93.3899078369
5384,101.744094849
5389,110.828239441
5391,77.6909942627
5393,106.388084412
5395,113.657295227
5397,108.336532593
5398,93.153968811
5399,109.568473816
5401,115.048225403
5402,91.0114517212
5403,112.35382843
5404,97.1592254639
5407,77.8329467773
5408,98.8500595093
5413,110.95891571
5414,90.6292877197
5417,96.538269043
5418,105.16607666
5420,114.63948822
5421,89.1203460693
5424,95.2897109985
5425,112.034660339
5426,92.5810623169
5429,112.735649109
5431,91.2537689209
5437,101.900100708
5440,90.7816543579
5444,106.189918518
5446,105.110534668
5447,92.7470321655
5451,98.4644546509
5452,123.192726135
5455,97.08177948
5456,96.6284103394
5458,91.221824646
5459,112.898139954
5460,96.1252288818
5462,96.069984436
5463,110.274208069
5464,90.5435409546
5465,113.373031616
5466,98.1473236084
5467,102.776054382
5468,90.8148040771
5469,108.716567993
5472,94.1922225952
5474,90.6041793823
5475,109.246498108
5476,97.9640884399
5479,104.331848145
5480,111.329788208
5482,112.159675598
5485,95.9155044556
5486,116.768959045
5488,79.0175704956
5495,104.702827454
5496,96.8687133789
5497,111.484672546
5499,114.215705872
5503,90.2023239136
5504,96.0797119141
5507,98.4789886475
5509,93.8148117065
5511,96.0534362793
5512,112.649238586
5516,111.36492157
5517,99.2714157104
5518,101.272499084
5521,96.4580154419
5522,104.980003357
5527,97.6969833374
5528,93.3448410034
5529,112.331268311
5532,95.205619812
5533,115.986099243
5535,106.827438354
5536,106.421432495
5540,96.3644790649
5547,95.2304992676
5548,109.400779724
5550,78.5940704346
5551,93.7651824951
5554,109.920082092
5555,94.3259658813
5559,111.503013611
5560,95.4393844604
5561,108.75302887
5562,89.6283569336
5563,113.209373474
5565,76.806678772
5566,95.0927047729
5567,102.902786255
5568,92.4969787598
5572,96.9144821167
5574,95.2118148804
5576,95.3958053589
5579,111.520797729
5580,78.8167724609
5581,97.5115127563
5583,95.0889205933
5584,113.132301331
5586,114.044212341
5587,91.7095108032
5589,100.322647095
5591,100.813789368
5592,93.3293685913
5593,113.902412415
5594,98.8221817017
5595,75.0020523071
5596,110.66506958
5597,112.015617371
5598,115.581222534
5599,92.8936309814
5602,107.192512512
5603,98.8221817017
5605,94.6138687134
5607,91.8339691162
5608,111.576622009
5609,92.5628585815
5610,97.2567443848
5612,95.0360641479
5613,112.036529541
5614,95.0142288208
5616,96.5059738159
5621,96.8442764282
5623,95.1337966919
5628,114.224273682
5629,96.5949935913
5631,99.5626754761
5633,102.29989624
5638,101.78868103
5639,94.7867584229
5640,107.751960754
5645,97.8990478516
5646,80.4151992798
5649,91.9656143188
5653,111.456626892
5655,111.322669983
5656,95.8259353638
5658,95.7702484131
5662,116.985290527
5663,96.1914596558
5667,96.512840271
5670,92.8936309814
5671,100.024238586
5672,95.0363693237
5673,105.302307129
5674,93.2389678955
5675,103.956031799
5676,95.287322998
5679,110.269218445
5683,110.825019836
5687,99.067817688
5688,78.1845092773
5690,91.6276016235
5691,110.809883118
5692,95.5305786133
5693,109.582298279
5694,95.6933364868
5697,111.629425049
5698,94.7222213745
5699,110.35320282
5704,95.7363967896
5707,110.269218445
5709,102.091438293
5710,94.5704879761
5714,96.3589248657
5718,92.2424545288
5721,93.5446929932
5723,94.2222366333
5724,109.877029419
5725,93.5644226074
5726,111.067588806
5729,98.4560775757
5730,101.514526367
5731,95.4638290405
5733,79.3502655029
5736,94.6878433228
5741,104.480476379
5745,109.153999329
5747,91.0387802124
5748,105.853111267
5750,111.340065002
5751,97.5578765869
5752,95.1012802124
5754,93.4806671143
5755,96.920715332
5757,96.8447647095
5758,116.719902039
5760,105.606483459
5762,103.689353943
5766,112.102592468
5768,98.6079177856
5769,114.551322937
5770,95.734413147
5771,112.060691833
5772,94.4852523804
5773,111.766517639
5774,92.9408493042
5776,94.715965271
5777,110.35320282
5778,92.6406478882
5780,111.251358032
5782,96.6785049438
5783,79.3877639771
5784,98.9533920288
5786,97.0007247925
5788,96.6709060669
5789,115.941993713
5790,92.9468307495
5791,104.607177734
5793,103.519126892
5794,93.7372970581
5796,115.650978088
5797,92.9220581055
5801,91.6617584229
5803,99.067817688
5804,108.408248901
5805,95.2090072632
5806,78.0586547852
5808,109.770523071
5813,96.0162887573
5815,96.74243927
5816,105.457801819
5822,99.2979202271
5823,111.549537659
5825,101.774963379
5827,108.608711243
5829,99.9736251831
5830,95.0784988403
5831,113.094772339
5832,96.0774612427
5833,109.770523071
5837,114.420188904
5838,97.1576080322
5839,97.822593689
5842,107.751960754
5844,107.895805359
5845,100.287864685
5846,111.595855713
5848,79.1667251587
5850,112.108146667
5851,95.5674209595
5853,98.6079177856
5854,103.906242371
5858,107.751960754
5860,109.770889282
5864,103.48815155
5866,100.618110657
5867,110.269218445
5868,92.7717514038
5869,110.981681824
5870,95.8329391479
5871,113.196250916
5874,112.296379089
5876,110.202667236
5877,93.1692581177
5878,95.0675430298
5879,109.55090332
5880,87.6338500977
5884,91.4714584351
5886,111.83139801
5890,104.702186584
5896,99.316368103
5897,104.419624329
5898,98.6079177856
5901,107.345085144
5903,110.579933167
5906,97.2567443848
5908,111.4686203
5909,86.9706802368
5910,112.036529541
5911,96.3640213013
5912,115.186454773
5914,112.296379089
5919,111.797203064
5924,96.9300918579
5926,93.9303207397
5929,103.401000977
5930,92.369430542
5932,98.0703659058
5933,113.015708923
5934,95.4729156494
5935,112.837966919
5936,94.8771820068
5937,111.399581909
5938,93.1520843506
5939,108.718666077
5942,109.331878662
5943,93.8474731445
5944,105.921730042
5946,110.163070679
5951,96.1446990967
5953,103.549949646
5954,95.9764633179
5957,101.378623962
5961,93.9647598267
5962,105.1042099
5964,78.6149597168
5965,98.6424102783
5968,112.262870789
5969,89.9596328735
5974,96.8513412476
5975,112.396118164
5978,79.3426742554
5981,101.258903503
5982,94.7767715454
5983,110.407310486
5989,109.721763611
5991,93.6615219116
5992,105.513221741
5995,96.5174789429
5996,102.552406311
5997,108.964645386
5998,98.1664352417
5999,77.4756240845
6001,113.102088928
6002,93.0353164673
6003,111.531242371
6004,95.9764633179
6006,114.984855652
6007,91.6691055298
6011,102.726654053
6012,104.76424408
6014,96.4397583008
6015,101.402618408
6016,94.9673538208
6017,108.269981384
6018,98.6787948608
6024,95.2867202759
6025,105.752319336
6026,109.483230591
6028,111.672767639
6029,78.2011947632
6030,94.6499176025
6036,112.262870789
6040,95.1964492798
6041,112.275756836
6042,97.1215896606
6044,95.487159729
6045,104.577919006
6047,105.289932251
6048,91.2956466675
6049,112.54044342
6051,115.37840271
6052,111.223564148
6053,93.7169876099
6054,108.45904541
6058,110.58216095
6059,92.0088424683
6062,98.7952194214
6063,115.619132996
6064,99.8878860474
6065,95.1964492798
6067,97.1117477417
6068,113.318054199
6070,103.544265747
6071,105.51361084
6072,111.765861511
6080,111.765861511
6081,96.1109924316
6084,105.167633057
6087,97.3376998901
6089,102.499336243
6092,111.765861511
6094,97.8046798706
6095,110.71308136
6097,109.265037537
6100,92.8640899658
6104,105.070732117
6105,94.0159683228
6106,107.997657776
6107,77.8193054199
6108,88.5464553833
6109,111.765861511
6110,91.4527206421
6114,111.765861511
6116,96.0941696167
6117,106.278297424
6118,97.9332046509
6123,78.6906814575
6125,110.616249084
6128,91.7832717896
6130,101.570907593
6132,112.448814392
6137,77.9982681274
6139,113.210334778
6140,97.5110397339
6141,108.988494873
6142,104.551124573
6144,114.310974121
6145,99.0613327026
6146,92.8502807617
6149,87.0119171143
6156,99.0200881958
6159,109.569747925
6160,97.5110397339
6162,104.525947571
6164,111.261245728
6165,87.9816207886
6168,77.8655014038
6169,109.736328125
6170,93.3598709106
6171,112.097122192
6172,92.1680984497
6173,115.927787781
6176,98.5269470215
6177,91.1128463745
6178,98.5038604736
6180,94.5925827026
6181,104.89616394
6182,99.3274230957
6185,93.8970489502
6186,108.588851929
6188,111.048858643
6189,97.5009078979
6192,105.167633057
6193,93.4968643188
6194,104.577919006
6195,91.2964859009
6196,112.382759094
6197,93.4186477661
6201,109.333900452
6202,97.2921447754
6203,112.88860321
6204,94.6676712036
6207,117.072151184
6209,94.3849334717
6210,90.0812606812
6211,110.641731262
6213,109.289512634
6216,92.4116973877
6217,95.8463363647
6219,95.025932312
6222,77.2676773071
6223,95.3211135864
6235,98.7687606812
6240,97.8899002075
6242,96.2546768188
6247,93.2699813843
6251,107.429862976
6254,111.987236023
6255,97.5681381226
6260,101.824409485
6261,96.1390609741
6262,105.574119568
6264,110.27204895
6269,104.562301636
6271,107.914146423
6275,112.132911682
6276,95.3955612183
6278,97.3515090942
6279,109.123291016
6281,111.202171326
6284,95.2175827026
6286,94.5581893921
6287,77.4875564575
6288,97.8036651611
6292,96.0411453247
6293,94.3753433228
6295,93.6840591431
6298,114.856430054
6300,110.026931763
6304,104.642227173
6308,114.553413391
6310,97.1666030884
6312,111.765861511
6320,95.4904098511
6324,90.9534835815
6325,112.093078613
6330,94.7461929321
6336,108.908058167
6340,107.296134949
6341,98.7687606812
6342,106.50643158
6344,94.7232437134
6345,116.599586487
6347,109.366584778
6348,95.7601776123
6349,114.856430054
6351,78.3596191406
6353,113.396095276
6354,94.6612930298
6357,101.332519531
6358,107.692054749
6360,103.301971436
6363,114.242889404
6364,94.8586349487
6368,109.579978943
6370,91.0746765137
6371,95.0614776611
6377,96.4632873535
6379,93.379699707
6381,98.114654541
6382,78.1873703003
6383,109.300765991
6388,110.751075745
6390,112.196876526
6392,100.007804871
6393,95.2123947144
6395,97.7845230103
6398,101.888221741
6401,78.1469345093
6402,90.0074005127
6403,112.137062073
6405,95.6332168579
6406,93.9118118286
6407,110.508552551
6409,104.974891663
6411,94.7207870483
6413,97.6908187866
6416,108.641342163
6417,93.4889144897
6418,97.2644119263
6419,116.839927673
6420,110.27973175
6426,112.030815125
6429,91.7083358765
6430,94.5688858032
6431,112.137062073
6432,94.4078140259
6434,94.348487854
6437,111.252815247
6438,96.4484329224
6439,100.331687927
6440,93.6991958618
6441,91.7676315308
6442,111.635055542
6443,91.4323043823
6445,91.2713241577
6448,111.621086121
6450,112.939720154
6453,98.4178466797
6455,94.5493164062
6457,97.4926223755
6458,113.869552612
6461,96.3765182495
6464,110.994621277
6467,92.3323440552
6469,98.2005996704
6470,79.1686248779
6471,97.7253036499
6473,99.6454391479
6474,92.5933685303
6479,96.913520813
6481,95.2150497437
6484,112.259284973
6495,99.1968154907
6496,113.313339233
6505,109.899497986
6506,99.3630142212
6508,98.6790390015
6509,97.1725692749
6510,104.149589539
6512,101.093505859
6513,95.9431915283
6514,110.335044861
6515,96.6184082031
6519,96.0800933838
6521,95.6337356567
6523,78.8061294556
6525,107.845535278
6526,94.8236541748
6528,94.516784668
6529,112.809822083
6531,105.653015137
6533,105.388816833
6534,93.4086074829
6535,110.300392151
6536,97.7693405151
6537,111.126991272
6540,95.4610061646
6541,109.300765991
6547,97.1577758789
6548,111.040107727
6551,108.407081604
6553,110.449584961
6555,105.19506073
6556,98.9290237427
6561,79.5599975586
6564,96.1172561646
6565,110.300392151
6568,91.4095153809
6569,111.635055542
6573,100.383537292
6574,96.5052108765
6577,111.02696228
6579,114.288513184
6581,89.8897705078
6582,112.419433594
6585,111.997428894
6586,97.3842849731
6589,102.394180298
6590,78.4370651245
6593,91.3112945557
6594,109.436508179
6595,91.6417007446
6599,89.0241622925
6600,93.8275527954
6601,110.942634583
6602,95.1071243286
6603,111.621086121
6604,93.3708496094
6607,103.814094543
6608,107.012245178
6609,94.285774231
6611,90.2962265015
6613,111.635055542
6614,95.0386276245
6616,96.5933685303
6617,111.635055542
6618,96.123374939
6619,101.614463806
6621,105.19506073
6627,104.927742004
6629,108.977363586
6631,79.419380188
6634,97.5495147705
6636,95.7525177002
6638,91.4095153809
6639,111.635055542
6641,111.719062805
6642,98.1024932861
6651,112.060897827
6654,77.0649032593
6657,95.0669021606
6663,95.0465011597
6665,107.97819519
6666,91.4981079102
6668,96.2331695557
6669,105.230499268
6670,94.5259933472
6671,87.5805206299
6673,97.6683731079
6675,98.1407546997
6676,78.4362487793
6677,98.4225158691
6679,96.6901473999
6680,112.224250793
6681,104.149589539
6685,104.523368835
6688,94.9056625366
6689,90.9231948853
6690,110.496192932
6692,111.635055542
6693,93.4739532471
6694,93.5857849121
6698,116.958030701
6699,95.5544509888
6700,109.130905151
6701,97.4926223755
6702,107.969406128
6704,90.9231948853
6707,110.350318909
6712,111.940055847
6713,98.050994873
6715,94.3777770996
6721,109.403877258
6722,95.0579986572
6723,112.127723694
6724,95.1385879517
6725,116.900794983
6731,112.829582214
6735,70.5358581543
6736,94.7733078003
6737,107.659751892
6738,96.6687545776
6739,105.059196472
6741,99.8826217651
6743,95.5816879272
6745,96.2331695557
6747,110.891044617
6749,95.4579162598
6750,103.912025452
6751,116.584243774
6752,97.2587966919
6753,111.635055542
6755,121.369277954
6756,96.8434829712
6757,101.87361908
6759,109.868659973
6761,96.2751159668
6763,97.7253036499
6764,114.715660095
6765,97.8396987915
6766,111.484642029
6768,114.923294067
6771,90.9231948853
6773,94.4757461548
6774,95.3432693481
6778,107.520484924
6779,95.7443466187
6781,90.9540786743
6784,90.4354171753
6786,97.4370193481
6787,113.289276123
6790,89.2464675903
6793,107.233879089
6795,111.700469971
6798,113.238510132
6806,106.922859192
6807,93.4762802124
6810,96.4196243286
6815,113.050575256
6816,92.4841690063
6817,102.783248901
6818,93.2385787964
6819,105.284828186
6820,95.5047531128
6822,91.4489212036
6823,115.39655304
6824,109.705604553
6825,91.1860351562
6828,79.7752532959
6829,112.462921143
6831,111.062568665
6832,92.5771179199
6833,109.374916077
6834,97.6167831421
6836,99.9569015503
6837,111.892211914
6838,93.473777771
6840,105.302314758
6843,94.7321472168
6845,95.6589279175
6846,95.0885162354
6847,109.474281311
6851,110.934432983
6852,90.5675888062
6853,108.556098938
6858,96.5010681152
6861,112.329048157
6863,110.925209045
6864,77.8996124268
6865,93.8950424194
6866,111.795387268
6867,95.1052017212
6868,102.47101593
6869,99.4928817749
6870,109.705604553
6874,113.371612549
6875,95.708442688
6877,115.001785278
6878,88.628692627
6880,95.2066879272
6883,111.088119507
6884,93.0235824585
6886,97.1643066406
6890,97.2674331665
6893,111.189498901
6894,91.7523574829
6899,115.001785278
6900,91.3602523804
6904,89.9417495728
6905,112.126495361
6906,91.0828018188
6910,93.1089248657
6912,106.956291199
6913,115.344856262
6920,96.0742874146
6922,94.5037460327
6923,111.700469971
6926,91.6346588135
6927,111.145332336
6928,92.0470352173
6931,111.799812317
6933,91.1560058594
6936,89.321937561
6937,111.968238831
6939,111.050926208
6941,94.9677963257
6942,112.659011841
6943,93.3619766235
6944,101.174827576
6945,94.3662643433
6946,109.062911987
6947,115.767829895
6949,102.49823761
6951,105.149909973
6953,111.428649902
6954,96.3233108521
6955,112.538505554
6963,106.118812561
6964,92.8927001953
6966,95.5396728516
6968,95.2384643555
6970,104.862678528
6972,110.265510559
6976,110.106895447
6978,111.795387268
6981,105.984405518
6985,104.367897034
6986,94.8815383911
6987,109.987609863
6989,114.878929138
6991,115.39655304
6993,108.022499084
6994,93.101890564
6995,114.676010132
6996,95.659034729
6997,112.241012573
6998,79.1911697388
7001,106.626091003
7003,110.766677856
7006,93.4350891113
7008,107.747467041
7010,95.1052017212
7011,96.7842025757
7012,110.978919983
7013,93.2389678955
7014,112.004905701
7017,106.51877594
7018,96.2702865601
7019,95.9093551636
7023,96.6447525024
7024,103.338905334
7025,94.888420105
7026,113.153556824
7027,94.8392562866
7028,109.314651489
7030,111.700469971
7031,89.8977432251
7033,114.523712158
7036,96.7228775024
7037,95.342918396
7039,95.3158035278
7044,95.5428695679
7045,111.892211914
7046,98.8794784546
7049,107.49622345
7050,102.061134338
7051,104.862678528
7054,108.50202179
7055,94.2182540894
7057,93.1003036499
7060,115.001785278
7061,98.7503738403
7063,92.2401351929
7064,109.659477234
7067,95.2066879272
7071,96.8421401978
7074,99.3562927246
7075,95.2079238892
7078,111.892211914
7079,90.9134597778
7080,111.893058777
7081,100.226272583
7082,110.665458679
7083,94.5835037231
7085,109.602653503
7092,104.641532898
7094,95.7298202515
7100,94.2974853516
7101,112.08039093
7102,111.795387268
7104,111.623878479
7105,98.7503738403
7106,94.00440979
7107,102.268959045
7108,77.9048843384
7109,96.1682052612
7110,111.968238831
7112,92.6080474854
7113,104.176902771
7114,95.3836212158
7116,110.571876526
7117,98.7182922363
7118,107.191078186
7120,96.5380020142
7121,105.104789734
7123,105.119216919
7124,97.5400161743
7127,113.686500549
7131,104.566314697
7132,93.2385787964
7133,94.0743408203
7134,108.673789978
7135,90.3357162476
7136,110.780807495
7137,94.3131256104
7141,98.3921051025
7144,104.9715271
7147,111.053337097
7148,94.0415420532
7150,89.8311233521
7151,96.5380020142
7152,104.365211487
7154,97.192489624
7156,96.989982605
7157,104.952674866
7159,115.647415161
7161,98.9580459595
7163,95.9425888062
7164,101.984161377
7167,77.3682937622
7169,105.976127625
7170,99.833114624
7173,97.471321106
7174,105.0754776
7177,109.576530457
7178,103.770851135
7179,96.0603408813
7180,74.4007034302
7181,109.50983429
7182,92.8687286377
7184,95.8500289917
7185,111.973480225
7186,94.0017089844
7187,112.43346405
7188,95.6551208496
7189,113.057319641
7191,98.425491333
7193,106.810798645
7197,101.507804871
7199,90.3085403442
7200,110.665458679
7201,90.3357162476
7204,91.8207702637
7207,109.845863342
7209,110.925209045
7210,95.3954849243
7211,110.34336853
7213,91.6670150757
7214,112.241012573
7216,111.552330017
7217,94.5483627319
7220,114.385955811
7224,111.700469971
7225,94.6162643433
7226,111.552330017
7227,92.2798690796
7234,111.973480225
7236,75.3553695679
7239,103.833381653
7240,97.1526947021
7242,114.910560608
7244,112.356742859
7245,91.6743469238
7247,111.276908875
7248,90.2838516235
7249,115.619224548
7250,111.231658936
7251,91.6178665161
7252,111.017356873
7253,78.1346664429
7256,96.4757003784
7260,97.9572296143
7261,110.692695618
7264,98.8509521484
7269,109.806968689
7270,94.8806152344
7273,114.6223526
7279,87.5710067749
7281,109.079078674
7284,89.805015564
7285,110.221549988
7286,115.792610168
7287,89.440574646
7289,96.1530761719
7292,95.7663040161
7293,111.747566223
7296,97.1184005737
7297,108.993553162
7298,88.893913269
7299,113.590934753
7301,102.178062439
7304,110.945716858
7306,117.504249573
7308,96.1530761719
7309,101.846168518
7312,93.8856048584
7313,78.1346664429
7314,97.2940063477
7316,94.9553451538
7319,119.753868103
7321,96.8845825195
7323,100.130874634
7324,103.43221283
7325,94.7130737305
7328,98.7097702026
7330,77.7651977539
7334,95.7265396118
7337,111.939559937
7338,97.8257980347
7339,95.2227706909
7341,89.5009155273
7342,111.256248474
7344,115.101554871
7345,114.82938385
7347,106.801704407
7349,109.079078674
7350,98.2880172729
7353,113.096694946
7355,111.426261902
7356,95.455657959
7357,114.434181213
7358,99.9756774902
7360,91.2546234131
7363,105.430625916
7364,95.3896408081
7366,91.8758926392
7368,93.0754013062
7369,109.576698303
7370,94.9465026855
7373,91.7010498047
7374,113.168785095
7375,94.9255905151
7377,98.0455551147
7379,90.205581665
7380,115.291099548
7382,111.703430176
7383,91.8399124146
7385,93.9157791138
7386,101.396034241
7391,97.9348983765
7394,101.909095764
7396,111.231658936
7397,94.073425293
7399,97.4693527222
7400,105.611778259
7403,78.4752426147
7405,110.650001526
7408,112.071258545
7414,110.657546997
7416,102.913909912
7417,92.5281982422
7419,92.7550430298
7420,100.849510193
7421,98.596321106
7422,95.2687149048
7423,106.409111023
7425,78.7793655396
7430,97.970161438
7432,91.4591674805
7433,97.6040344238
7434,113.256500244
7436,107.356803894
7437,93.5040359497
7438,104.778739929
7440,108.70640564
7441,92.5068740845
7442,113.628944397
7445,113.439338684
7446,99.1990203857
7448,112.21018219
7450,92.8816223145
7451,96.5003967285
7454,112.931228638
7455,91.913520813
7457,109.918464661
7459,99.0405807495
7462,92.5001373291
7464,96.5003967285
7465,108.464820862
7466,90.2309799194
7467,109.595314026
7469,114.258049011
7472,93.1906967163
7473,111.516426086
7479,95.7265396118
7480,102.140892029
7484,110.26966095
7491,93.7676696777
7494,105.555343628
7495,94.6063461304
7501,91.8518600464
7503,94.5122528076
7504,104.096008301
7505,93.3879776001
7508,111.13180542
7509,96.8460922241
7510,78.1346664429
7511,110.050224304
7515,94.5739212036
7516,108.933265686
7517,94.7979660034
7518,109.439727783
7519,93.6156997681
7521,95.4604873657
7522,99.4240722656
7524,107.706047058
7526,103.117134094
7527,94.1217422485
7528,105.661979675
7529,94.7367324829
7534,110.265144348
7537,114.214683533
7538,100.455947876
7540,89.6904830933
7541,112.598228455
7545,109.242019653
7551,115.179664612
7553,94.0653076172
7554,103.702140808
7555,97.3968429565
7561,111.913742065
7562,94.4463272095
7564,91.930015564
7565,107.461555481
7566,94.6663284302
7567,109.910522461
7569,101.487678528
7570,98.0618515015
7571,112.136405945
7572,89.4173278809
7574,104.332672119
7578,110.931983948
7579,95.6009674072
7586,95.9670333862
7587,82.5902786255
7590,94.6565170288
7593,111.516426086
7594,96.7149200439
7595,94.6663284302
7600,95.6838760376
7601,78.0108184814
7602,96.8795852661
7603,110.381774902
7604,93.9481506348
7606,85.5104675293
7608,114.813934326
7613,78.9734725952
7615,109.500938416
7616,108.723075867
7617,120.642875671
7618,94.1217422485
7619,104.797836304
7622,96.6230545044
7623,102.552680969
7624,94.3416519165
7625,107.563728333
7626,93.9763565063
7627,106.126014709
7628,77.8615951538
7631,104.170333862
7632,104.483093262
7633,97.6972122192
7634,116.968917847
7635,97.3287582397
7636,112.246139526
7637,112.246139526
7639,94.4855651855
7640,78.5183181763
7644,110.844047546
7645,97.3230361938
7648,104.664726257
7649,96.1923522949
7650,109.621368408
7652,108.464820862
7653,91.5054092407
7655,91.5908660889
7659,109.594429016
7662,98.4664535522
7664,95.4573898315
7666,98.6539001465
7668,98.4476852417
7669,108.857032776
7670,93.1485061646
7672,93.0081710815
7673,109.557769775
7678,93.6625061035
7679,79.7224502563
7680,105.429878235
7683,94.2099761963
7685,115.792610168
7688,96.5093917847
7690,108.72328186
7692,93.9269485474
7693,97.3987350464
7695,111.939559937
7696,95.0273208618
7698,94.760597229
7699,109.008720398
7702,87.2157516479
7703,111.562606812
7704,93.0237045288
7707,110.050224304
7713,79.0660934448
7715,104.076850891
7717,108.21710968
7718,98.8160476685
7719,109.708709717
7721,112.676109314
7722,95.3481826782
7725,101.207725525
7727,95.5649414062
7730,78.2946472168
7733,94.9903869629
7735,102.906089783
7740,111.567192078
7741,111.691093445
7742,91.6482925415
7744,114.526542664
7747,95.8091278076
7750,79.4567337036
7752,110.886688232
7754,113.200431824
7756,110.172721863
7757,99.8191146851
7758,102.711585999
7760,105.460670471
7761,97.0022888184
7763,101.383338928
7765,96.3611221313
7767,112.25012207
7768,96.195022583
7771,97.9091415405
7773,90.3939056396
7774,117.155944824
7776,108.819984436
7779,94.190574646
7783,92.2643432617
7786,107.048454285
7787,94.6397094727
7789,92.2264404297
7791,94.8090591431
7793,94.7739486694
7794,110.323898315
7795,90.5714645386
7799,78.4180831909
7800,101.227600098
7802,97.576675415
7805,113.194816589
7807,102.655006409
7808,96.0528182983
7811,102.537437439
7817,108.771179199
7818,104.47303009
7819,96.8613510132
7822,95.2896194458
7823,111.633918762
7825,112.559791565
7828,94.1931915283
7832,98.0780258179
7833,77.7279586792
7834,112.589996338
7835,98.5134963989
7837,97.0620498657
7840,93.9343109131
7842,97.2320175171
7843,108.480865479
7844,93.4636917114
7846,97.0022888184
7850,97.491065979
7853,111.911628723
7855,115.656593323
7858,94.4984207153
7863,109.314582825
7865,112.110832214
7866,92.6810684204
7868,96.5583572388
7869,109.549766541
7871,77.5362243652
7872,98.8611755371
7874,103.53478241
7877,114.287071228
7878,97.5137252808
7879,110.317184448
7881,94.9602279663
7883,97.1878585815
7885,99.5116653442
7886,94.1476364136
7889,98.202507019
7890,109.658638
7891,98.0195617676
7893,94.7047119141
7894,102.563896179
7896,109.594909668
7898,101.003013611
7901,96.3656463623
7902,106.814506531
7904,112.229530334
7905,93.2992935181
7906,115.65536499
7909,96.5191116333
7910,103.3201828
7913,92.9982223511
7918,110.348442078
7919,90.4504699707
7923,91.7584915161
7925,97.2641296387
7927,94.2096786499
7930,96.3335342407
7932,98.9672317505
7933,95.0595474243
7935,93.4183425903
7939,103.383903503
7942,89.1031951904
7943,112.617103577
7945,103.810264587
7946,93.1514968872
7948,95.5980987549
7949,111.464485168
7950,90.2328796387
7951,112.25012207
7955,98.7992477417
7959,95.4916229248
7960,111.567192078
7961,96.1827392578
7962,100.468910217
7964,102.695579529
7965,99.939704895
7966,110.903572083
7967,104.226081848
7968,97.5259017944
7971,104.056816101
7974,90.4504699707
7976,105.593666077
7978,108.931694031
7982,111.567192078
7983,96.4199981689
7984,105.295646667
7986,95.5979690552
7989,111.464485168
7991,106.814506531
7992,114.866065979
7993,90.4794692993
7994,111.986793518
7995,98.0780258179
7997,95.3986358643
7998,105.295646667
7999,108.771179199
8002,96.9003143311
8007,95.948600769
8009,93.5384216309
8011,95.1024932861
8013,99.7718734741
8015,103.41558075
8017,114.647155762
8019,115.831016541
8023,91.7568435669
8024,111.260917664
8026,108.575065613
8027,87.246925354
8029,96.2197418213
8030,114.15940094
8031,94.8331985474
8033,87.7077255249
8035,93.0652923584
8036,101.236442566
8039,102.470176697
8042,94.7412643433
8044,91.9150161743
8046,81.5145950317
8048,113.417350769
8049,93.2992935181
8050,104.863395691
8053,90.5808944702
8054,88.7654342651
8059,93.8608779907
8061,96.8445358276
8062,110.367736816
8064,114.797340393
8066,105.890556335
8067,94.0091018677
8068,97.0672683716
8070,97.781036377
8071,110.598052979
8072,95.318321228
8076,90.7847213745
8080,91.9666900635
8081,110.922401428
8084,104.74458313
8087,112.948143005
8089,91.3398590088
8090,114.959396362
8091,102.428871155
8094,113.021827698
8100,90.5494537354
8101,97.4635238647
8110,96.0807800293
8111,106.814506531
8112,95.4077377319
8115,110.042030334
8116,97.5422973633
8118,114.797340393
8121,116.993614197
8125,105.295539856
8127,111.646369934
8128,95.1737823486
8129,106.6743927
8131,97.7213668823
8138,94.5262985229
8139,104.853462219
8140,94.1282043457
8141,90.3939056396
8142,111.159133911
8143,108.945610046
8145,108.575065613
8146,88.556602478
8148,111.051368713
8153,111.65650177
8154,91.9380722046
8155,117.089347839
8161,94.3131637573
8162,111.696678162
8163,96.954750061
8166,109.946891785
8168,112.290336609
8170,94.1972885132
8172,106.822608948
8173,90.3194656372
8176,104.097038269
8179,89.6763687134
8181,94.3079681396
8182,114.033805847
8184,109.513473511
8190,105.370933533
8191,94.4298248291
8194,113.295516968
8196,112.306480408
8198,113.097251892
8199,111.312469482
8201,112.737571716
8202,95.3889541626
8207,100.234474182
8208,107.69670105
8211,112.95451355
8214,107.646568298
8217,89.6867752075
8218,112.524742126
8222,96.5593643188
8229,104.754798889
8231,96.7422790527
8233,98.3062286377
8236,94.0027313232
8238,113.060523987
8240,103.934288025
8243,105.101783752
8246,111.449264526
8250,91.4088058472
8254,95.8565597534
8256,79.718208313
8257,116.96521759
8258,91.0117111206
8260,96.5806045532
8261,116.123588562
8263,114.443572998
8264,95.3460388184
8267,111.707550049
8268,90.0770950317
8271,94.3419570923
8272,107.69670105
8275,98.7494506836
8276,99.1866836548
8277,108.515068054
8278,115.967903137
8279,91.3580322266
8280,109.780342102
8281,94.1931838989
8282,113.659324646
8287,109.488578796
8288,91.400352478
8289,115.568870544
8294,92.4095993042
8296,90.3487701416
8299,113.458961487
8302,105.959434509
8308,110.947364807
8314,101.640525818
8315,95.8624267578
8316,107.909965515
8317,95.3688735962
8319,113.748954773
8320,94.24269104
8321,116.477020264
8323,95.6802139282
8325,96.6406402588
8326,110.4270401
8328,107.731742859
8330,101.537361145
8331,88.9690933228
8332,114.776939392
8334,95.8251571655
8338,95.4150924683
8339,95.7262191772
8341,88.4226531982
8345,109.666473389
8346,96.3254928589
8347,100.738891602
8349,97.263053894
8351,94.1475219727
8352,111.898048401
8353,107.731742859
8355,109.571846008
8358,109.687767029
8359,102.215797424
8360,98.2359161377
8361,112.306694031
8363,104.874183655
8364,96.6234207153
8365,100.602119446
8366,105.105636597
8370,109.881523132
8372,95.0189437866
8376,98.5930023193
8377,119.226737976
8379,110.339042664
8380,90.7568435669
8381,108.952964783
8386,91.1314544678
8388,101.072570801
8389,99.5309371948
8391,112.857330322
8394,95.8565597534
8396,101.023895264
8398,100.406951904
8400,112.477867126
8401,88.9495849609
8404,88.4226531982
8407,96.6350021362
8408,110.218559265
8409,106.240310669
8410,103.524284363
8411,99.1875991821
8413,94.8633651733
8414,109.933433533
8416,95.359916687
